Name, Email
David Dobervich, David.Dobervich@example.com
Ryan Martin, Ryan.Martin@example.com
Maria Anjarwala, Maria.Anjarwala@example.com
Peter Li, Peter.Li@example.com
Ricky Martain, Ricky.Martain@example.com
Saul Bellow, Saul.Bellow@example.com
Piano man, Piano.man@example.com
